﻿<?xml version="1.0" encoding="utf-8" ?>
<Customers>
  <Customer>
    <CustomerID>1000</CustomerID>
    <CustomerName>Vinay</CustomerName>
    <CustomerCity>BGL</CustomerCity>
  </Customer>

  <Customer>
    <CustomerID>1001</CustomerID>
    <CustomerName>Ramesh</CustomerName>
    <CustomerCity>HYD</CustomerCity>
  </Customer>

  <Customer>
    <CustomerID>1002</CustomerID>
    <CustomerName>Gopi</CustomerName>
    <CustomerCity>HYD</CustomerCity>
  </Customer>
   
  <Customer>
    <CustomerID>1003</CustomerID>
    <CustomerName>Srikar</CustomerName>
    <CustomerCity>BGL</CustomerCity>
  </Customer> 
    
</Customers>
